Name,Website,Email,Phone,Niche,Fit Score,Pain Score,Status,Notes
Darden Restaurants: A Leader in the Full-Service Restaurant Industry,https://www.darden.com/,,,restaurant,65,1,new,darden restaurants: a leader in the full-service restaurant industry skip to main content gift cards media media contacts press releases media library our company about us executive leadership board o
"Noodles and Company | Pasta, Salads, & Asian Noodle Restaurant",https://www.noodles.com/,,,restaurant,65,1,new,"noodles and company | pasta, salads, & asian noodle restaurant skip to main content $1 side salad with your $15+ order. exclusively for rewards members. order now $1 side salad with your $15+ order. e"
"The Best 10 Restaurants near Pico Rivera, CA 90660 - Yelp","https://www.yelp.com/search?cflt=restaurants&find_loc=Pico+Rivera,+CA+90660",,,restaurant,60,0,new,
THE 10 BEST Restaurants in Pico Rivera - Tripadvisor,https://www.tripadvisor.com/Restaurants-g32879-Pico_Rivera_California.html,,,restaurant,60,0,new,
Restaurant Services Inc. - Custom Commercial Kitchen & Bar Equipment Fabrication | RSI,https://rsidrivesroi.com/,,,restaurant,60,0,new,
Dal Rae Restaurant | American Fine Dining Restaurant in Pico ...,https://www.dalrae.com/,,,restaurant,60,0,new,"dal rae restaurant | american fine dining restaurant in pico rivera, ca skip to main content hours & location gift cards menus live entertainment private dining & banquets about events reservations to"
Pico Rivera - Authentic Mexican Seafood Restaurant - Mariscos Choix,https://www.mariscoschoix.com/pico-rivera,,,restaurant,60,0,new,"pico rivera - mariscos choix | authentic mexican seafood restaurant | downey & pico rivera, ca skip to main content website accessibility assistance mariscos choix | authentic mexican seafood restaura"
hospitality and restaurant services｜TikTok Search,https://www.tiktok.com/discover/hospitality-and-restaurant-services,,,restaurant,60,0,new,tiktok - make your day
RESTAURANT - Definition & Meaning - Reverso English Dictionary,https://dictionary.reverso.net/english-definition/restaurant,,,restaurant,60,0,new,
Restaurants & Cafes | İGA İstanbul Havalimanı,https://www.istairport.com/en/services/food-beverage/restaurants-cafes,ist@igairport.aero,,restaurant,60,0,new,restaurants & cafes iga iga pass jetex iga live english türkçe / tr english / en 中国人 / zh русский / ru عربى / ar deutsch / de français / fr español / es flights services airport commercial corporate d
Brands | Restaurant Brands International,https://www.rbi.com/English/brands/default.aspx,,,restaurant,60,0,new,
Gōsht Group — restaurant holding in Tashkent,https://www.gosht.com/,,,restaurant,60,0,new,"gōsht group — restaurant holding in tashkent delivery book feedback en uz ru en close uz ru en order delivery table book restaurants events about the company menu stay informed gastronomic news, tips,"
